<?xml version="1.0" encoding="UTF-8"?>
<beans xmlns="http://www.springframework.org/schema/beans"
	xmlns:xsi="http://www.w3.org/2001/XMLSchema-instance"
	xmlns:context="http://www.springframework.org/schema/context"
	xsi:schemaLocation="http://www.springframework.org/schema/beans
	http://www.springframework.org/schema/beans/spring-beans-3.0.xsd
	http://www.springframework.org/schema/context
	http://www.springframework.org/schema/context/spring-context-3.0.xsd">
	
	<!-- enable annotations -->
	
	<context:annotation-config></context:annotation-config>
	<context:component-scan base-package="com.virtusa.corespringannotations.*"></context:component-scan>
	
 	<!-- <bean id="transaction" class="com.virtusa.corespringannotations.models.Transaction">
 	<property name="transId" value="27654"></property>
 	<property name="dot" ref="dot"></property>
 	<property name="amount" value="20000"></property>
 	</bean> -->
 	
 	<bean id="account" class="com.virtusa.corespringannotations.models.Account">
 	<property name="accountNo" value="27654"></property>

 	<property name="accountType" value="Savings"></property>
 	</bean>
 	
 	
 	<bean id="date1"  class="java.util.Date">
 	<constructor-arg index="0" value="119"></constructor-arg>
 	<constructor-arg index="1" value="7"></constructor-arg>
 	<constructor-arg index="2" value="76"></constructor-arg>
 	</bean>
 	
 	<bean id="date2"  class="java.util.Date">
 	<constructor-arg index="0" value="119"></constructor-arg>
 	<constructor-arg index="1" value="7"></constructor-arg>
 	<constructor-arg index="2" value="76"></constructor-arg>
 	</bean>
	</beans>